opi3267879176;"<span class=""author-realname blank_link"">trash_styles</span>";"<span class=""product-list-item-title"">1460 MONO SMOOTH LEATHER LACE UP BOOTS</span>"
opi2962073678;"<span class=""author-realname blank_link"">imnofiction</span>";"<span class=""product-list-item-title"">1461 SMOOTH LEATHER OXFORD SHOES</span>"
opi3238477185;"<span class=""author-realname blank_link"">champagnewithoutpapi</span>";"<span class=""product-list-item-title"">55 INCH ROUND SHOE LACES (8-10 EYE)</span>"
opi2982817748;"<span class=""author-realname blank_link"">liamcrighton</span>";"<span class=""product-list-item-title"">VEGAN 1460 FELIX LACE UP BOOTS</span>"
opi3288543924;"<span class=""author-realname blank_link"">brittanynicolebowman</span>";"<span class=""product-list-item-title"">1460 SMOOTH LEATHER LACE UP BOOTS</span>"
opi3183763101;"<span class=""author-realname blank_link"">eru_makyaron</span>";"<span class=""product-list-item-title"">1460 SMOOTH LEATHER LACE UP BOOTS</span>"
opi3355634846;"<span class=""author-realname blank_link"">kino.utopia</span>";"<span class=""product-list-item-title"">1460 SMOOTH LEATHER LACE UP BOOTS</span>"
opi2988491604;"<span class=""author-realname blank_link"">hippiesisterz</span>";"<span class=""product-list-item-title"">1460 SMOOTH LEATHER LACE UP BOOTS</span>"
opi3246098545;"<span class=""author-realname blank_link"">juliagelonese</span>";"<span class=""product-list-item-title"">1460 SMOOTH LEATHER LACE UP BOOTS</span>"
opi3069960595;"<span class=""author-realname blank_link"">rytkoska</span>";"<span class=""product-list-item-title"">1460 PASCAL FINE GLITTER</span>"
opi2906806024;"<span class=""author-realname blank_link"">oliver_over</span>";"<span class=""product-list-item-title"">1460 SMOOTH LEATHER LACE UP BOOTS</span>"
opi3055017219;"<span class=""author-realname blank_link"">c_afrodisiac</span>";"<span class=""product-list-item-title"">2976 WOMEN'S FAUX FUR LINED CHELSEA BOOTS</span>"
opi3323306960;"<span class=""author-realname blank_link"">jguillermopaleo</span>";"<span class=""product-list-item-title"">1461 VINTAGE MADE IN ENGLAND OXFORD SHOES</span>"
opi3353628669;"<span class=""author-realname blank_link"">falkanger_trondheimtorg</span>";"<span class=""product-list-item-title"">1460 WOMEN'S FAUX FUR LINED LACE UP BOOTS</span>"
opi3280896676;"<span class=""author-realname blank_link"">hodanyousuf</span>";"<span class=""product-list-item-title"">CLARISSA II WOMEN'S LEATHER STRAP SANDALS</span>"
opi2974290463;"<span class=""author-realname blank_link"">amy_rose_w</span>";"<span class=""product-list-item-title"">JADON SMOOTH LEATHER PLATFORM BOOTS</span>"
opi2962071929;"<span class=""author-realname blank_link"">angharadbjones</span>";"<span class=""product-list-item-title"">FLORA WOMEN'S SMOOTH LEATHER CHELSEA BOOTS</span>"
opi3292484479;"<span class=""author-realname blank_link"">alexane_lavoie</span>";"<span class=""product-list-item-title"">JADON SMOOTH LEATHER PLATFORM BOOTS</span>"
opi3238477411;"<span class=""author-realname blank_link"">nicolealyseee</span>";"<span class=""product-list-item-title"">JADON SMOOTH LEATHER PLATFORM BOOTS</span>"
opi3505175686;"<span class=""author-realname blank_link"">marigram_noir</span>";"<span class=""product-list-item-title"">1460 MONO SMOOTH LEATHER LACE UP BOOTS</span>"
opi3240200717;"<span class=""author-realname blank_link"">marigram_noir</span>";"<span class=""product-list-item-title"">1460 MONO SMOOTH LEATHER LACE UP BOOTS</span>"
opi3440285056;"<span class=""author-realname blank_link"">nicholasierco</span>";"<span class=""product-list-item-title"">KASSION</span>"
opi3267879855;"<span class=""author-realname blank_link"">naielicamile</span>";"<span class=""product-list-item-title"">VEGAN 1460 FELIX LACE UP BOOTS</span>"
opi3439275301;"<span class=""author-realname blank_link"">naielicamile</span>";"<span class=""product-list-item-title"">VEGAN 1460 FELIX LACE UP BOOTS</span>"
opi3366892579;"<span class=""author-realname blank_link"">_gilda</span>";"<span class=""product-list-item-title"">JADON SMOOTH LEATHER PLATFORM BOOTS</span>"
opi2962073499;"<span class=""author-realname blank_link"">_gilda</span>";"<span class=""product-list-item-title"">JADON SMOOTH LEATHER PLATFORM BOOTS</span>"
opi3506939763;"<span class=""author-realname blank_link"">b_by_yucali</span>";"<span class=""product-list-item-title"">INFANT 1460 SOFTY T LEATHER LACE UP BOOTS</span>"
opi3212188070;"<span class=""author-realname blank_link"">b_by_yucali</span>";"<span class=""product-list-item-title"">INFANT 1460 SOFTY T LEATHER LACE UP BOOTS</span>"
opi3239298728;"<span class=""author-realname blank_link"">lea.llng_</span>";"<span class=""product-list-item-title"">JADON SMOOTH LEATHER PLATFORM BOOTS</span>"
opi3394357754;"<span class=""author-realname blank_link"">mamaisonshoes</span>";"<span class=""product-list-item-title"">JADON SMOOTH LEATHER PLATFORM BOOTS</span>"
opi3047214521;"<span class=""author-realname blank_link"">docorific</span>";"<span class=""product-list-item-title"">55 INCH ROUND SHOE LACES (8-10 EYE)</span>"
opi3393382729;"<span class=""author-realname blank_link"">natural_beauty_chick</span>";"<span class=""product-list-item-title"">1460 WOMEN'S SMOOTH LEATHER LACE UP BOOTS</span>"
opi2893897219;"<span class=""author-realname blank_link"">natural_beauty_chick</span>";"<span class=""product-list-item-title"">1460 WOMEN'S SMOOTH LEATHER LACE UP BOOTS</span>"
opi3259223225;"<span class=""author-realname blank_link"">alyssaddicted</span>";"<span class=""product-list-item-title"">JADON SMOOTH LEATHER PLATFORM BOOTS</span>"
opi2944672698;"<span class=""author-realname blank_link"">amycalka</span>";"<span class=""product-list-item-title"">1460 SMOOTH LEATHER LACE UP BOOTS</span>"
opi3236163016;"<span class=""author-realname blank_link"">amycalka</span>";"<span class=""product-list-item-title"">1460 SMOOTH LEATHER LACE UP BOOTS</span>"
opi3205968217;"<span class=""author-realname blank_link"">bubbabloggs</span>";"<span class=""product-list-item-title"">TODDLER 1460 PATENT LEATHER LACE UP BOOTS</span>"
opi3004648256;"<span class=""author-realname blank_link"">taylornicolepierce</span>";"<span class=""product-list-item-title"">VEGAN BLAIRE WOMEN'S FELIX GLADIATOR SANDALS</span>"
opi3077436587;"<span class=""author-realname blank_link"">colorfxlthoughts</span>";"<span class=""product-list-item-title"">JADON SMOOTH LEATHER PLATFORM BOOTS</span>"
opi3331772443;"<span class=""author-realname blank_link"">colorfxlthoughts</span>";"<span class=""product-list-item-title"">JADON SMOOTH LEATHER PLATFORM BOOTS</span>"
opi2917463218;"<span class=""author-realname blank_link"">inztagrania</span>";"<span class=""product-list-item-title"">8065 SMOOTH LEATHER MARY JANE SHOES</span>"
opi2962073085;"<span class=""author-realname blank_link"">thewildgirlblog</span>";"<span class=""product-list-item-title"">1460 SMOOTH LEATHER LACE UP BOOTS</span>"
opi3070939935;"<span class=""author-realname blank_link"">kerianagra</span>";"<span class=""product-list-item-title"">JADON SMOOTH LEATHER PLATFORM BOOTS</span>"
opi3267879873;"<span class=""author-realname blank_link"">marripx</span>";"<span class=""product-list-item-title"">JADON SMOOTH LEATHER PLATFORM BOOTS</span>"
opi3008691471;"<span class=""author-realname blank_link"">sanderthje</span>";"<span class=""product-list-item-title"">GERALDO LEATHER GLADIATOR SANDALS</span>"
opi3459270717;"<span class=""author-realname blank_link"">fashionmarco_</span>";"<span class=""product-list-item-title"">GRYPHON BRANDO LEATHER GLADIATOR SANDALS</span>"
opi3108523898;"<span class=""author-realname blank_link"">maak.shop</span>";"<span class=""product-list-item-title"">1460 SMOOTH LEATHER LACE UP BOOTS</span>"
opi3267879751;"<span class=""author-realname blank_link"">danielacristianaart</span>";"<span class=""product-list-item-title"">LEONA WOMEN'S VINTAGE SMOOTH LEATHER HEELED BOOTS</span>"
opi3138515636;"<span class=""author-realname blank_link"">daveprpz</span>";"<span class=""product-list-item-title"">JADON SMOOTH LEATHER PLATFORM BOOTS</span>"
opi2978903974;"<span class=""author-realname blank_link"">rubys_rags_n_riches</span>";"<span class=""product-list-item-title"">3989 BEX SMOOTH LEATHER BROGUE SHOES</span>"
opi3026229736;"<span class=""author-realname blank_link"">famous_roy</span>";"<span class=""product-list-item-title"">1460 VINTAGE MADE IN ENGLAND LACE UP BOOTS</span>"
opi3049670669;"<span class=""author-realname blank_link"">hodanyousuf</span>";"<span class=""product-list-item-title"">JADON SMOOTH LEATHER PLATFORM BOOTS</span>"
opi3453551176;"<span class=""author-realname blank_link"">addisonpeaches</span>";"<span class=""product-list-item-title"">JUNIOR 1460 SOFTY T LEATHER LACE UP BOOTS</span>"
opi3438251222;"<span class=""author-realname blank_link"">martinthefrenchguy</span>";"<span class=""product-list-item-title"">2976 SMOOTH LEATHER CHELSEA BOOTS</span>"
opi3522869688;"<span class=""author-realname blank_link"">the_oluwaseun</span>";"<span class=""product-list-item-title"">1460 WOMEN'S SMOOTH LEATHER LACE UP BOOTS</span>"
opi3323306898;"<span class=""author-realname blank_link"">hr5_16</span>";"<span class=""product-list-item-title"">GRYPHON BRANDO LEATHER GLADIATOR SANDALS</span>"
opi3527664184;"<span class=""author-realname blank_link"">whatdoesjasminewear</span>";"<span class=""product-list-item-title"">JADON SMOOTH LEATHER PLATFORM BOOTS</span>"
opi3300708058;"<span class=""author-realname blank_link"">whatdoesjasminewear</span>";"<span class=""product-list-item-title"">JADON SMOOTH LEATHER PLATFORM BOOTS</span>"
opi3239298925;"<span class=""author-realname blank_link"">linneasovik</span>";"<span class=""product-list-item-title"">JADON SMOOTH LEATHER PLATFORM BOOTS</span>"
opi2962073190;"<span class=""author-realname blank_link"">hops_veg_love</span>";"<span class=""product-list-item-title"">1461 SMOOTH LEATHER OXFORD SHOES</span>"
opi3013700594;"<span class=""author-realname blank_link"">letsgetflashy</span>";"<span class=""product-list-item-title"">JADON SMOOTH LEATHER PLATFORM BOOTS</span>"
opi2988491713;"<span class=""author-realname blank_link"">samuelconstanti</span>";"<span class=""product-list-item-title"">1461 PLAIN WELT SMOOTH LEATHER OXFORD SHOES</span>"
opi3520462141;"<span class=""author-realname blank_link"">analittlechic</span>";"<span class=""product-list-item-title"">1460 VINTAGE MADE IN ENGLAND LACE UP BOOTS</span>"
opi3043403694;"<span class=""author-realname blank_link"">catherinerowedesigns</span>";"<span class=""product-list-item-title"">CLARISSA II WOMEN'S LEATHER STRAP SANDALS</span>"
opi3302885335;"<span class=""author-realname blank_link"">solucylis</span>";"<span class=""product-list-item-title"">JUNIOR 1460 SOFTY T LEATHER LACE UP BOOTS</span>"
opi3468107659;"<span class=""author-realname blank_link"">arseniotegari</span>";"<span class=""product-list-item-title"">1460 SMOOTH LEATHER LACE UP BOOTS</span>"
opi3050495342;"<span class=""author-realname blank_link"">kiokomusicuk</span>";"<span class=""product-list-item-title"">CORONADO MEN'S WYOMING LEATHER CASUAL SHOES</span>"
opi3003945229;"<span class=""author-realname blank_link"">gotti_taro</span>";"<span class=""product-list-item-title"">1460 SMOOTH LEATHER LACE UP BOOTS</span>"
opi2920742871;"<span class=""author-realname blank_link"">gotti_taro</span>";"<span class=""product-list-item-title"">1460 SMOOTH LEATHER LACE UP BOOTS</span>"
opi3565880780;"<span class=""author-realname blank_link"">j_.baby._j</span>";"<span class=""product-list-item-title"">TODDLER 1460 SOFTY T LEATHER LACE UP BOOTS</span>"
opi3076753406;"<span class=""author-realname blank_link"">alexandreossey_univers</span>";"<span class=""product-list-item-title"">JADON SMOOTH LEATHER PLATFORM BOOTS</span>"
opi3236163259;"<span class=""author-realname blank_link"">alexandreossey_univers</span>";"<span class=""product-list-item-title"">JADON SMOOTH LEATHER PLATFORM BOOTS</span>"
opi3038031264;"<span class=""author-realname blank_link"">bungisngisbaby</span>";"<span class=""product-list-item-title"">TODDLER 1460 SOFTY T LEATHER LACE UP BOOTS</span>"
opi3307116473;"<span class=""author-realname blank_link"">royalscissor</span>";"<span class=""product-list-item-title"">1460 SMOOTH LEATHER LACE UP BOOTS</span>"
opi2920742862;"<span class=""author-realname blank_link"">royalscissor</span>";"<span class=""product-list-item-title"">1460 SMOOTH LEATHER LACE UP BOOTS</span>"
opi3345693351;"<span class=""author-realname blank_link"">hannaphilippaerts</span>";"<span class=""product-list-item-title"">1460 SMOOTH LEATHER LACE UP BOOTS</span>"
opi3063915669;"<span class=""author-realname blank_link"">thescollective_</span>";"<span class=""product-list-item-title"">JADON SMOOTH LEATHER PLATFORM BOOTS</span>"
opi3246097858;"<span class=""author-realname blank_link"">rylee_jane_style</span>";"<span class=""product-list-item-title"">JUNIOR 1460 SOFTY T LEATHER LACE UP BOOTS</span>"
opi2974942546;"<span class=""author-realname blank_link"">cicelyandlilith</span>";"<span class=""product-list-item-title"">INFANT 1460 SOFTY T LEATHER LACE UP BOOTS</span>"
opi3346924869;"<span class=""author-realname blank_link"">margarida.apolonia</span>";"<span class=""product-list-item-title"">JADON SMOOTH LEATHER PLATFORM BOOTS</span>"
opi2939646634;"<span class=""author-realname blank_link"">margarida.apolonia</span>";"<span class=""product-list-item-title"">JADON SMOOTH LEATHER PLATFORM BOOTS</span>"
opi3315368945;"<span class=""author-realname blank_link"">beeinajar</span>";"<span class=""product-list-item-title"">JUNIOR 1460 PATENT LEATHER LACE UP BOOTS</span>"
opi2930857538;"<span class=""author-realname blank_link"">jvrrett.t</span>";"<span class=""product-list-item-title"">JADON SMOOTH LEATHER PLATFORM BOOTS</span>"
opi3414584897;"<span class=""author-realname blank_link"">jvrrett.t</span>";"<span class=""product-list-item-title"">JADON SMOOTH LEATHER PLATFORM BOOTS</span>"
opi3077438919;"<span class=""author-realname blank_link"">e.v.a.k.o.t</span>";"<span class=""product-list-item-title"">JUNIOR 1461 LEATHER OXFORD SHOES</span>"
opi2984822108;"<span class=""author-realname blank_link"">amy_oc</span>";"<span class=""product-list-item-title"">GRYPHON BRANDO LEATHER GLADIATOR SANDALS</span>"
opi3024338704;"<span class=""author-realname blank_link"">amy_oc</span>";"<span class=""product-list-item-title"">GRYPHON BRANDO LEATHER GLADIATOR SANDALS</span>"
opi3259223221;"<span class=""author-realname blank_link"">bazda2013</span>";"<span class=""product-list-item-title"">1460 SMOOTH LEATHER LACE UP BOOTS</span>"
opi2966618087;"<span class=""author-realname blank_link"">khris_bajis</span>";"<span class=""product-list-item-title"">JADON SMOOTH LEATHER PLATFORM BOOTS</span>"
opi3052630094;"<span class=""author-realname blank_link"">gyannabelle</span>";"<span class=""product-list-item-title"">8065 SMOOTH LEATHER MARY JANE SHOES</span>"
opi3049671043;"<span class=""author-realname blank_link"">scarlettrosestylin</span>";"<span class=""product-list-item-title"">JUNIOR 1460 PATENT LEATHER LACE UP BOOTS</span>"
opi3480655570;"<span class=""author-realname blank_link"">_miguelch</span>";"<span class=""product-list-item-title"">1460 SMOOTH LEATHER LACE UP BOOTS</span>"
opi3236163345;"<span class=""author-realname blank_link"">ashlynns.threads</span>";"<span class=""product-list-item-title"">INFANT 1460 PATENT LEATHER LACE UP BOOTS</span>"
opi3515119208;"<span class=""author-realname blank_link"">halfmamahalfhuman</span>";"<span class=""product-list-item-title"">TODDLER 1460 SOFTY T LEATHER LACE UP BOOTS</span>"
opi3479472149;"<span class=""author-realname blank_link"">iblacksnow</span>";"<span class=""product-list-item-title"">1460 SMOOTH LEATHER LACE UP BOOTS</span>"
opi3506939726;"<span class=""author-realname blank_link"">iblacksnow</span>";"<span class=""product-list-item-title"">1460 SMOOTH LEATHER LACE UP BOOTS</span>"
opi2964051405;"<span class=""author-realname blank_link"">adapopean</span>";"<span class=""product-list-item-title"">JADON SMOOTH LEATHER PLATFORM BOOTS</span>"
opi2961020994;"<span class=""author-realname blank_link"">greasymax</span>";"<span class=""product-list-item-title"">1461 MONO SMOOTH LEATHER OXFORD SHOES</span>"
opi3228952353;"<span class=""author-realname blank_link"">c_illidge</span>";"<span class=""product-list-item-title"">JADON SMOOTH LEATHER PLATFORM BOOTS</span>"
opi3048091357;"<span class=""author-realname blank_link"">era_dze</span>";"<span class=""product-list-item-title"">1460 SMOOTH LEATHER LACE UP BOOTS</span>"
opi3210227904;"<span class=""author-realname blank_link"">canyousaymaria</span>";"<span class=""product-list-item-title"">1460 SMOOTH LEATHER LACE UP BOOTS</span>"
opi3586221683;"<span class=""author-realname blank_link"">bianca_j</span>";"<span class=""product-list-item-title"">1460 SMOOTH LEATHER LACE UP BOOTS</span>"
opi2999235551;"<span class=""author-realname blank_link"">emmafelsing</span>";"<span class=""product-list-item-title"">VOSS WOMEN'S PATENT LEATHER STRAP SANDALS</span>"
opi2912020702;"<span class=""author-realname blank_link"">braydenstiles</span>";"<span class=""product-list-item-title"">1461 SMOOTH LEATHER OXFORD SHOES</span>"
opi3086672647;"<span class=""author-realname blank_link"">braydenstiles</span>";"<span class=""product-list-item-title"">1461 SMOOTH LEATHER OXFORD SHOES</span>"
opi3344695036;"<span class=""author-realname blank_link"">srta.aandreaa</span>";"<span class=""product-list-item-title"">JADON SMOOTH LEATHER PLATFORM BOOTS</span>"
opi3028075343;"<span class=""author-realname blank_link"">billiexnewland</span>";"<span class=""product-list-item-title"">JADON SMOOTH LEATHER PLATFORM BOOTS</span>"
opi3053519509;"<span class=""author-realname blank_link"">vale428</span>";"<span class=""product-list-item-title"">JUNIOR 1460 SOFTY T LEATHER LACE UP BOOTS</span>"
opi2906805655;"<span class=""author-realname blank_link"">la.kollektiv</span>";"<span class=""product-list-item-title"">1461 MONO SMOOTH LEATHER OXFORD SHOES</span>"
opi3467141068;"<span class=""author-realname blank_link"">la.kollektiv</span>";"<span class=""product-list-item-title"">1461 MONO SMOOTH LEATHER OXFORD SHOES</span>"
opi3459270819;"<span class=""author-realname blank_link"">timirfrierson</span>";"<span class=""product-list-item-title"">1460 SMOOTH LEATHER LACE UP BOOTS</span>"
opi2978903824;"<span class=""author-realname blank_link"">timirfrierson</span>";"<span class=""product-list-item-title"">1460 SMOOTH LEATHER LACE UP BOOTS</span>"
opi3460272583;"<span class=""author-realname blank_link"">13_shadesofblack</span>";"<span class=""product-list-item-title"">JADON MAX WOMEN'S STUDDED PLATFORM BOOTS</span>"
opi2962428147;"<span class=""author-realname blank_link"">13_shadesofblack</span>";"<span class=""product-list-item-title"">JADON MAX WOMEN'S STUDDED PLATFORM BOOTS</span>"
opi3595205738;"<span class=""author-realname blank_link"">haleyriem</span>";"<span class=""product-list-item-title"">1460 SMOOTH LEATHER LACE UP BOOTS</span>"
opi2921348264;"<span class=""author-realname blank_link"">matteo_medea</span>";"<span class=""product-list-item-title"">GERALDO LEATHER GLADIATOR SANDALS</span>"
opi3238477339;"<span class=""author-realname blank_link"">jayscape.artist</span>";"<span class=""product-list-item-title"">1460 SMOOTH LEATHER LACE UP BOOTS</span>"
opi3537829637;"<span class=""author-realname blank_link"">jayscape.artist</span>";"<span class=""product-list-item-title"">1460 SMOOTH LEATHER LACE UP BOOTS</span>"
opi3448964525;"<span class=""author-realname blank_link"">kate__nzm</span>";"<span class=""product-list-item-title"">MYLES BRANDO LEATHER BUCKLE SLIDE SANDALS</span>"
opi3030722119;"<span class=""author-realname blank_link"">cami.schneiderr</span>";"<span class=""product-list-item-title"">VEGAN 1461 FELIX OXFORD SHOES</span>"
opi3266969097;"<span class=""author-realname blank_link"">cocoxcruz</span>";"<span class=""product-list-item-title"">JUNIOR 1460 SOFTY T LEATHER LACE UP BOOTS</span>"
opi2969387881;"<span class=""author-realname blank_link"">chante.simpson</span>";"<span class=""product-list-item-title"">JADON SMOOTH LEATHER PLATFORM BOOTS</span>"
opi3018310690;"<span class=""author-realname blank_link"">siobhxncorbin</span>";"<span class=""product-list-item-title"">JADON SMOOTH LEATHER PLATFORM BOOTS</span>"
opi3038031755;"<span class=""author-realname blank_link"">siobhxncorbin</span>";"<span class=""product-list-item-title"">JADON SMOOTH LEATHER PLATFORM BOOTS</span>"
opi2962428281;"<span class=""author-realname blank_link"">_redrwose_</span>";"<span class=""product-list-item-title"">TODDLER 1460 SOFTY T LEATHER LACE UP BOOTS</span>"
opi3462160896;"<span class=""author-realname blank_link"">c_illidge</span>";"<span class=""product-list-item-title"">JADON SMOOTH LEATHER PLATFORM BOOTS</span>"
opi3575541602;"<span class=""author-realname blank_link"">kealy_w_</span>";"<span class=""product-list-item-title"">TODDLER 1460 LEATHER LACE UP BOOTS</span>"
opi3190411918;"<span class=""author-realname blank_link"">kealy_w_</span>";"<span class=""product-list-item-title"">TODDLER 1460 LEATHER LACE UP BOOTS</span>"
opi3064396180;"<span class=""author-realname blank_link"">style_blog_love</span>";"<span class=""product-list-item-title"">1460 WOMEN'S ARCADIA LEATHER LACE UP BOOTS</span>"
opi2966615302;"<span class=""author-realname blank_link"">cuore_al_napalm</span>";"<span class=""product-list-item-title"">VEGAN 1460 FELIX LACE UP BOOTS</span>"
opi3009326727;"<span class=""author-realname blank_link"">chrystallocadia</span>";"<span class=""product-list-item-title"">1460 MONO SMOOTH LEATHER LACE UP BOOTS</span>"
opi3218301927;"<span class=""author-realname blank_link"">cut_y_paste</span>";"<span class=""product-list-item-title"">1460 VINTAGE MADE IN ENGLAND LACE UP BOOTS</span>"
opi3238477441;"<span class=""author-realname blank_link"">lauravantill</span>";"<span class=""product-list-item-title"">VEGAN 1460 FELIX LACE UP BOOTS</span>"
opi2998473876;"<span class=""author-realname blank_link"">helenanderz</span>";"<span class=""product-list-item-title"">SHRIVER HI WOMEN'S WYOMING LEATHER HEELED BOOTS</span>"
opi3191165573;"<span class=""author-realname blank_link"">alyoopp_</span>";"<span class=""product-list-item-title"">1460 SMOOTH LEATHER LACE UP BOOTS</span>"
opi2904495719;"<span class=""author-realname blank_link"">swaggyliam</span>";"<span class=""product-list-item-title"">JUNIOR 1460 SOFTY T LEATHER LACE UP BOOTS</span>"
opi3239298324;"<span class=""author-realname blank_link"">indyabrown</span>";"<span class=""product-list-item-title"">JADON SMOOTH LEATHER PLATFORM BOOTS</span>"
opi3440284416;"<span class=""author-realname blank_link"">twala_king</span>";"<span class=""product-list-item-title"">1460 MONO SMOOTH LEATHER LACE UP BOOTS</span>"
opi3340855101;"<span class=""author-realname blank_link"">sweet_thangxo</span>";"<span class=""product-list-item-title"">JADON SMOOTH LEATHER PLATFORM BOOTS</span>"
opi3446070594;"<span class=""author-realname blank_link"">sweet_thangxo</span>";"<span class=""product-list-item-title"">JADON SMOOTH LEATHER PLATFORM BOOTS</span>"
opi3514128400;"<span class=""author-realname blank_link"">harpburn</span>";"<span class=""product-list-item-title"">1460 VINTAGE MADE IN ENGLAND LACE UP BOOTS</span>"
opi3288543985;"<span class=""author-realname blank_link"">earl.black</span>";"<span class=""product-list-item-title"">1490 SMOOTH LEATHER MID CALF BOOTS</span>"
opi2962072939;"<span class=""author-realname blank_link"">earl.black</span>";"<span class=""product-list-item-title"">1490 SMOOTH LEATHER MID CALF BOOTS</span>"
opi3052630223;"<span class=""author-realname blank_link"">estheradjoa</span>";"<span class=""product-list-item-title"">1460 SMOOTH LEATHER LACE UP BOOTS</span>"
opi2978904137;"<span class=""author-realname blank_link"">svmuelsteven</span>";"<span class=""product-list-item-title"">VEGAN 1461 FELIX OXFORD SHOES</span>"
opi3406871813;"<span class=""author-realname blank_link"">kikohou</span>";"<span class=""product-list-item-title"">1461 SMOOTH LEATHER OXFORD SHOES</span>"
opi2995015745;"<span class=""author-realname blank_link"">andi_coldside</span>";"<span class=""product-list-item-title"">VEGAN 1461 FELIX OXFORD SHOES</span>"
opi3296604241;"<span class=""author-realname blank_link"">andi_coldside</span>";"<span class=""product-list-item-title"">VEGAN 1461 FELIX OXFORD SHOES</span>"
opi2990010266;"<span class=""author-realname blank_link"">annieavaa</span>";"<span class=""product-list-item-title"">JADON SMOOTH LEATHER PLATFORM BOOTS</span>"
opi3508664944;"<span class=""author-realname blank_link"">famous_roy</span>";"<span class=""product-list-item-title"">3989 VINTAGE MADE IN ENGLAND BROGUE SHOES</span>"
opi3076753792;"<span class=""author-realname blank_link"">famous_roy</span>";"<span class=""product-list-item-title"">3989 VINTAGE MADE IN ENGLAND BROGUE SHOES</span>"
opi2917462889;"<span class=""author-realname blank_link"">katrikats</span>";"<span class=""product-list-item-title"">SINCLAIR WOMEN'S LEATHER PLATFORM BOOTS</span>"
opi3399032033;"<span class=""author-realname blank_link"">paradiso622</span>";"<span class=""product-list-item-title"">1461 SMOOTH LEATHER OXFORD SHOES</span>"
opi2917463142;"<span class=""author-realname blank_link"">sheiskayden</span>";"<span class=""product-list-item-title"">TODDLER 1460 SOFTY T LEATHER LACE UP BOOTS</span>"
opi2966578497;"<span class=""author-realname blank_link"">mistyelettra</span>";"<span class=""product-list-item-title"">1460 SMOOTH LEATHER LACE UP BOOTS</span>"
opi3272649993;"<span class=""author-realname blank_link"">stylegonzalezcom</span>";"<span class=""product-list-item-title"">1460 NAPPA LEATHER LACE UP BOOTS</span>"
opi3433315199;"<span class=""author-realname blank_link"">lauralbouy</span>";"<span class=""product-list-item-title"">JADON SMOOTH LEATHER PLATFORM BOOTS</span>"
opi2906805627;"<span class=""author-realname blank_link"">dxdx_west</span>";"<span class=""product-list-item-title"">1461 SMOOTH LEATHER OXFORD SHOES</span>"
opi2948999267;"<span class=""author-realname blank_link"">tobi_olutade</span>";"<span class=""product-list-item-title"">1460 SMOOTH LEATHER LACE UP BOOTS</span>"
opi3181579019;"<span class=""author-realname blank_link"">tobi_olutade</span>";"<span class=""product-list-item-title"">1460 SMOOTH LEATHER LACE UP BOOTS</span>"
opi3565880790;"<span class=""author-realname blank_link"">elow_41</span>";"<span class=""product-list-item-title"">JADON SMOOTH LEATHER PLATFORM BOOTS</span>"
opi3070940028;"<span class=""author-realname blank_link"">blossombutterflybaby</span>";"<span class=""product-list-item-title"">1460 SMOOTH LEATHER LACE UP BOOTS</span>"
opi3008691501;"<span class=""author-realname blank_link"">blossombutterflybaby</span>";"<span class=""product-list-item-title"">1460 SMOOTH LEATHER LACE UP BOOTS</span>"
opi2966617135;"<span class=""author-realname blank_link"">mat_the_blogger</span>";"<span class=""product-list-item-title"">1461 SMOOTH LEATHER OXFORD SHOES</span>"
opi3052630334;"<span class=""author-realname blank_link"">questionmarqo</span>";"<span class=""product-list-item-title"">1460 MONO SMOOTH LEATHER LACE UP BOOTS</span>"
opi3154095087;"<span class=""author-realname blank_link"">questionmarqo</span>";"<span class=""product-list-item-title"">1460 MONO SMOOTH LEATHER LACE UP BOOTS</span>"
opi3519322259;"<span class=""author-realname blank_link"">boychukigor</span>";"<span class=""product-list-item-title"">1460 SMOOTH LEATHER LACE UP BOOTS</span>"
opi3236163508;"<span class=""author-realname blank_link"">monster_docs</span>";"<span class=""product-list-item-title"">1461 SOAP STONE</span>"
opi3327531016;"<span class=""author-realname blank_link"">hodanyousuf</span>";"<span class=""product-list-item-title"">JADON SMOOTH LEATHER PLATFORM BOOTS</span>"
opi3295605364;"<span class=""author-realname blank_link"">theblueyedgal</span>";"<span class=""product-list-item-title"">JADON SMOOTH LEATHER PLATFORM BOOTS</span>"
opi2987776688;"<span class=""author-realname blank_link"">thekendallgirls</span>";"<span class=""product-list-item-title"">JUNIOR 1460 PATENT LEATHER LACE UP BOOTS</span>"
opi2964050478;"<span class=""author-realname blank_link"">thekendallgirls</span>";"<span class=""product-list-item-title"">JUNIOR 1460 PATENT LEATHER LACE UP BOOTS</span>"
opi3239298574;"<span class=""author-realname blank_link"">braydenstiles</span>";"<span class=""product-list-item-title"">VEGAN 1460 FELIX LACE UP BOOTS</span>"
opi3414584885;"<span class=""author-realname blank_link"">withlove_eden</span>";"<span class=""product-list-item-title"">JUNIOR 1460 PATENT LEATHER LACE UP BOOTS</span>"
opi3337914228;"<span class=""author-realname blank_link"">mxhrshd</span>";"<span class=""product-list-item-title"">1461 BEX SMOOTH LEATHER OXFORD SHOES</span>"
opi3302885370;"<span class=""author-realname blank_link"">bythelotus</span>";"<span class=""product-list-item-title"">VEGAN 1460 LACE UP BOOTS</span>"
opi3448964535;"<span class=""author-realname blank_link"">franziccardi</span>";"<span class=""product-list-item-title"">1460 WOMEN'S SMOOTH LEATHER LACE UP BOOTS</span>"
opi3294536175;"<span class=""author-realname blank_link"">hanavesi</span>";"<span class=""product-list-item-title"">1460 SMOOTH LEATHER LACE UP BOOTS</span>"
opi2965001344;"<span class=""author-realname blank_link"">hanavesi</span>";"<span class=""product-list-item-title"">1460 SMOOTH LEATHER LACE UP BOOTS</span>"
opi3460272477;"<span class=""author-realname blank_link"">monsieur.passionne</span>";"<span class=""product-list-item-title"">1461 SMOOTH LEATHER OXFORD SHOES</span>"
opi3391202007;"<span class=""author-realname blank_link"">clare.atthebeach</span>";"<span class=""product-list-item-title"">JADON SMOOTH LEATHER PLATFORM BOOTS</span>"
opi3022814789;"<span class=""author-realname blank_link"">clare.atthebeach</span>";"<span class=""product-list-item-title"">JADON SMOOTH LEATHER PLATFORM BOOTS</span>"
opi3347936513;"<span class=""author-realname blank_link"">inthewanderyears</span>";"<span class=""product-list-item-title"">VEGAN 1460 FELIX LACE UP BOOTS</span>"
opi3183763106;"<span class=""author-realname blank_link"">thetoastylife</span>";"<span class=""product-list-item-title"">SHRIVER HI WOMEN'S WYOMING LEATHER HEELED BOOTS</span>"
opi3537829596;"<span class=""author-realname blank_link"">walt_driney</span>";"<span class=""product-list-item-title"">1460 SMOOTH LEATHER LACE UP BOOTS</span>"
opi3154095073;"<span class=""author-realname blank_link"">bad.gal.rene</span>";"<span class=""product-list-item-title"">GRYPHON WOMEN'S PLATFORM GLADIATOR SANDALS</span>"
opi3295606088;"<span class=""author-realname blank_link"">blackboysrock.ig</span>";"<span class=""product-list-item-title"">1461 BEX SMOOTH LEATHER OXFORD SHOES</span>"
opi3520460694;"<span class=""author-realname blank_link"">elisandocs</span>";"<span class=""product-list-item-title"">GRYPHON BRANDO LEATHER GLADIATOR SANDALS</span>"
opi3099871078;"<span class=""author-realname blank_link"">joy_jkl</span>";"<span class=""product-list-item-title"">1461 MONO SMOOTH LEATHER OXFORD SHOES</span>"
opi3279646073;"<span class=""author-realname blank_link"">its.cynthiaa</span>";"<span class=""product-list-item-title"">JADON SMOOTH LEATHER PLATFORM BOOTS</span>"
opi3519320897;"<span class=""author-realname blank_link"">its.cynthiaa</span>";"<span class=""product-list-item-title"">JADON SMOOTH LEATHER PLATFORM BOOTS</span>"
opi2921348307;"<span class=""author-realname blank_link"">shortykimm</span>";"<span class=""product-list-item-title"">GERALDO LEATHER GLADIATOR SANDALS</span>"
opi3339853826;"<span class=""author-realname blank_link"">nikkigoodrick1</span>";"<span class=""product-list-item-title"">TODDLER 1460 SOFTY T LEATHER LACE UP BOOTS</span>"
opi3086672454;"<span class=""author-realname blank_link"">nikkigoodrick1</span>";"<span class=""product-list-item-title"">TODDLER 1460 SOFTY T LEATHER LACE UP BOOTS</span>"
opi3341848768;"<span class=""author-realname blank_link"">stankevich.st</span>";"<span class=""product-list-item-title"">JADON SMOOTH LEATHER PLATFORM BOOTS</span>"
opi2944672703;"<span class=""author-realname blank_link"">stankevich.st</span>";"<span class=""product-list-item-title"">JADON SMOOTH LEATHER PLATFORM BOOTS</span>"
opi3530081673;"<span class=""author-realname blank_link"">lisbeth_minelly</span>";"<span class=""product-list-item-title"">RYKER LEATHER STRAP SLIDE SANDALS</span>"
opi3573981072;"<span class=""author-realname blank_link"">lisbeth_minelly</span>";"<span class=""product-list-item-title"">RYKER LEATHER STRAP SLIDE SANDALS</span>"
opi2944671884;"<span class=""author-realname blank_link"">javi_glz</span>";"<span class=""product-list-item-title"">TERRY LEATHER STRAP SANDALS</span>"
opi2978216765;"<span class=""author-realname blank_link"">javi_glz</span>";"<span class=""product-list-item-title"">TERRY LEATHER STRAP SANDALS</span>"
opi3393382524;"<span class=""author-realname blank_link"">livingwithlandyncate</span>";"<span class=""product-list-item-title"">INFANT 1460 SOFTY T LEATHER LACE UP BOOTS</span>"
opi3064396256;"<span class=""author-realname blank_link"">livingwithlandyncate</span>";"<span class=""product-list-item-title"">INFANT 1460 SOFTY T LEATHER LACE UP BOOTS</span>"
opi3495118929;"<span class=""author-realname blank_link"">hodanyousuf</span>";"<span class=""product-list-item-title"">JADON SMOOTH LEATHER PLATFORM BOOTS</span>"
opi3171561057;"<span class=""author-realname blank_link"">mads_woods</span>";"<span class=""product-list-item-title"">SHRIVER HI WOMEN'S WYOMING LEATHER HEELED BOOTS</span>"
opi3239299675;"<span class=""author-realname blank_link"">geschwisterliebeboutique</span>";"<span class=""product-list-item-title"">JADON SMOOTH LEATHER PLATFORM BOOTS</span>"
opi2990010588;"<span class=""author-realname blank_link"">siobhxncorbin</span>";"<span class=""product-list-item-title"">BLAIRE WOMEN'S BRANDO LEATHER GLADIATOR SANDALS</span>"
opi3460272469;"<span class=""author-realname blank_link"">siobhxncorbin</span>";"<span class=""product-list-item-title"">BLAIRE WOMEN'S BRANDO LEATHER GLADIATOR SANDALS</span>"
opi2984821136;"<span class=""author-realname blank_link"">valinvogue</span>";"<span class=""product-list-item-title"">JADON SMOOTH LEATHER PLATFORM BOOTS</span>"
opi3433315155;"<span class=""author-realname blank_link"">rosie.styles.things</span>";"<span class=""product-list-item-title"">1460 SMOOTH LEATHER LACE UP BOOTS</span>"
opi3337914318;"<span class=""author-realname blank_link"">jessmvaldes</span>";"<span class=""product-list-item-title"">2976 POLISHED SMOOTH PLATFORM CHELSEA BOOTS</span>"
opi2964051055;"<span class=""author-realname blank_link"">simzus</span>";"<span class=""product-list-item-title"">1461 PLAIN WELT SMOOTH LEATHER OXFORD SHOES</span>"
opi3384495771;"<span class=""author-realname blank_link"">simzus</span>";"<span class=""product-list-item-title"">1461 PLAIN WELT SMOOTH LEATHER OXFORD SHOES</span>"
opi3043404096;"<span class=""author-realname blank_link"">manuelagmartins</span>";"<span class=""product-list-item-title"">JADON SMOOTH LEATHER PLATFORM BOOTS</span>"
opi3260333674;"<span class=""author-realname blank_link"">leerorich7</span>";"<span class=""product-list-item-title"">1460 SLIP RESISTANT LEATHER LACE UP BOOTS</span>"
opi3171560995;"<span class=""author-realname blank_link"">leerorich7</span>";"<span class=""product-list-item-title"">1460 SLIP RESISTANT LEATHER LACE UP BOOTS</span>"
opi3414585303;"<span class=""author-realname blank_link"">youreallydocme</span>";"<span class=""product-list-item-title"">8053 NAPPA LEATHER CASUAL SHOES</span>"
opi3366892510;"<span class=""author-realname blank_link"">crazydoclady</span>";"<span class=""product-list-item-title"">JADON SMOOTH LEATHER PLATFORM BOOTS</span>"
opi3438251379;"<span class=""author-realname blank_link"">crazydoclady</span>";"<span class=""product-list-item-title"">JADON SMOOTH LEATHER PLATFORM BOOTS</span>"
opi3315368628;"<span class=""author-realname blank_link"">tenazoric</span>";"<span class=""product-list-item-title"">JADON SMOOTH LEATHER PLATFORM BOOTS</span>"
opi3205968278;"<span class=""author-realname blank_link"">robwellbelove</span>";"<span class=""product-list-item-title"">CHURCH SMOOTH LEATHER MONKEY BOOTS</span>"
opi3032932127;"<span class=""author-realname blank_link"">robwellbelove</span>";"<span class=""product-list-item-title"">CHURCH SMOOTH LEATHER MONKEY BOOTS</span>"
opi2964052142;"<span class=""author-realname blank_link"">adriviate</span>";"<span class=""product-list-item-title"">JADON SMOOTH LEATHER PLATFORM BOOTS</span>"
opi3391202210;"<span class=""author-realname blank_link"">yoahiru.w</span>";"<span class=""product-list-item-title"">GRYPHON BRANDO LEATHER GLADIATOR SANDALS</span>"
opi3520459634;"<span class=""author-realname blank_link"">mouldyfruit</span>";"<span class=""product-list-item-title"">VEGAN BLAIRE WOMEN'S FELIX GLADIATOR SANDALS</span>"
opi3277998459;"<span class=""author-realname blank_link"">reesedelmar</span>";"<span class=""product-list-item-title"">VEGAN 1461 FELIX OXFORD SHOES</span>"
opi3327531152;"<span class=""author-realname blank_link"">xoveee.m</span>";"<span class=""product-list-item-title"">TODDLER 1460 SOFTY T LEATHER LACE UP BOOTS</span>"
opi3327531274;"<span class=""author-realname blank_link"">xoveee.m</span>";"<span class=""product-list-item-title"">TODDLER 1460 SOFTY T LEATHER LACE UP BOOTS</span>"
opi3205968125;"<span class=""author-realname blank_link"">scottyslim</span>";"<span class=""product-list-item-title"">1460 SMOOTH LEATHER LACE UP BOOTS</span>"
opi3011956618;"<span class=""author-realname blank_link"">buck_mc_coy</span>";"<span class=""product-list-item-title"">1460 CRAZY HORSE LEATHER LACE UP BOOTS</span>"
opi3315368717;"<span class=""author-realname blank_link"">annapparently</span>";"<span class=""product-list-item-title"">JADON SMOOTH LEATHER PLATFORM BOOTS</span>"
opi3186016383;"<span class=""author-realname blank_link"">annapparently</span>";"<span class=""product-list-item-title"">JADON SMOOTH LEATHER PLATFORM BOOTS</span>"
opi3127365768;"<span class=""author-realname blank_link"">erinyancey</span>";"<span class=""product-list-item-title"">JADON SMOOTH LEATHER PLATFORM BOOTS</span>"
opi3345693303;"<span class=""author-realname blank_link"">erinyancey</span>";"<span class=""product-list-item-title"">JADON SMOOTH LEATHER PLATFORM BOOTS</span>"
opi3190412088;"<span class=""author-realname blank_link"">_kjunior_</span>";"<span class=""product-list-item-title"">JADON SMOOTH LEATHER PLATFORM BOOTS</span>"
opi2966572665;"<span class=""author-realname blank_link"">crazydoclady</span>";"<span class=""product-list-item-title"">VEGAN JADON II PLATFORM BOOTS</span>"
opi2962071988;"<span class=""author-realname blank_link"">domoniquedd</span>";"<span class=""product-list-item-title"">1460 SMOOTH LEATHER LACE UP BOOTS</span>"
opi3154095125;"<span class=""author-realname blank_link"">belle_carter</span>";"<span class=""product-list-item-title"">JADON SMOOTH LEATHER PLATFORM BOOTS</span>"
opi3274238952;"<span class=""author-realname blank_link"">mecnanyy</span>";"<span class=""product-list-item-title"">ADAIRA WOMEN'S GLADIATOR SANDALS</span>"
opi3277998386;"<span class=""author-realname blank_link"">mecnanyy</span>";"<span class=""product-list-item-title"">ADAIRA WOMEN'S GLADIATOR SANDALS</span>"
opi3327531425;"<span class=""author-realname blank_link"">kaydonfosler</span>";"<span class=""product-list-item-title"">1460 SMOOTH LEATHER LACE UP BOOTS</span>"
opi3294536252;"<span class=""author-realname blank_link"">robwellbelove</span>";"<span class=""product-list-item-title"">VEGAN 1461 FELIX OXFORD SHOES</span>"
opi3288543919;"<span class=""author-realname blank_link"">gloriedithdiaz</span>";"<span class=""product-list-item-title"">1460 SMOOTH LEATHER LACE UP BOOTS</span>"
opi3340855036;"<span class=""author-realname blank_link"">fashionrocks01</span>";"<span class=""product-list-item-title"">VOSS WOMEN'S LEATHER STRAP SANDALS</span>"
opi3439275362;"<span class=""author-realname blank_link"">akarithegirl</span>";"<span class=""product-list-item-title"">JADON SMOOTH LEATHER PLATFORM BOOTS</span>"
opi3049671463;"<span class=""author-realname blank_link"">carolinabrunelli_</span>";"<span class=""product-list-item-title"">1460 SMOOTH LEATHER LACE UP BOOTS</span>"
opi3323306948;"<span class=""author-realname blank_link"">trollcityroxx</span>";"<span class=""product-list-item-title"">JADON SMOOTH LEATHER PLATFORM BOOTS</span>"
opi3480655484;"<span class=""author-realname blank_link"">trollcityroxx</span>";"<span class=""product-list-item-title"">JADON SMOOTH LEATHER PLATFORM BOOTS</span>"
opi2965001325;"<span class=""author-realname blank_link"">lena.kraxner</span>";"<span class=""product-list-item-title"">JADON SMOOTH LEATHER PLATFORM BOOTS</span>"
opi3446070693;"<span class=""author-realname blank_link"">marta_romolo</span>";"<span class=""product-list-item-title"">1460 SMOOTH LEATHER LACE UP BOOTS</span>"
opi3239298478;"<span class=""author-realname blank_link"">poppyalmond</span>";"<span class=""product-list-item-title"">CHURCH PLATFORM MONKEY BOOTS</span>"
opi3070939900;"<span class=""author-realname blank_link"">lynne_alisa</span>";"<span class=""product-list-item-title"">SINCLAIR WOMEN'S LEATHER PLATFORM BOOTS</span>"
opi3238476973;"<span class=""author-realname blank_link"">revilinolouis</span>";"<span class=""product-list-item-title"">1490 SMOOTH LEATHER MID CALF BOOTS</span>"
opi3038859685;"<span class=""author-realname blank_link"">yun_wear</span>";"<span class=""product-list-item-title"">GRYPHON BRANDO LEATHER GLADIATOR SANDALS</span>"
opi3184504115;"<span class=""author-realname blank_link"">earl.black</span>";"<span class=""product-list-item-title"">JADON SMOOTH LEATHER PLATFORM BOOTS</span>"
opi3077436512;"<span class=""author-realname blank_link"">AlbertoAyalaR</span>";"<span class=""product-list-item-title"">1460 SMOOTH LEATHER LACE UP BOOTS</span>"
opi2987777044;"<span class=""author-realname blank_link"">AlbertoAyalaR</span>";"<span class=""product-list-item-title"">1460 SMOOTH LEATHER LACE UP BOOTS</span>"
opi3479472069;"<span class=""author-realname blank_link"">daniel.reith</span>";"<span class=""product-list-item-title"">1460 MEN'S WATERPROOF LACE UP BOOTS</span>"
opi2959709006;"<span class=""author-realname blank_link"">daniel.reith</span>";"<span class=""product-list-item-title"">1460 MEN'S WATERPROOF LACE UP BOOTS</span>"
opi2920742870;"<span class=""author-realname blank_link"">oliviabynature</span>";"<span class=""product-list-item-title"">VOSS WOMEN'S LEATHER STRAP SANDALS</span>"
opi3324449051;"<span class=""author-realname blank_link"">itslargemarge</span>";"<span class=""product-list-item-title"">1460 SMOOTH LEATHER LACE UP BOOTS</span>"
opi3500880750;"<span class=""author-realname blank_link"">milkpowder_jpg</span>";"<span class=""product-list-item-title"">VEGAN 1460 LACE UP BOOTS</span>"
opi3165117340;"<span class=""author-realname blank_link"">meredith_vancuyk</span>";"<span class=""product-list-item-title"">1460 SMOOTH LEATHER LACE UP BOOTS</span>"
opi3380026316;"<span class=""author-realname blank_link"">meredith_vancuyk</span>";"<span class=""product-list-item-title"">1460 SMOOTH LEATHER LACE UP BOOTS</span>"
opi3432326574;"<span class=""author-realname blank_link"">love_my_docs_selkita</span>";"<span class=""product-list-item-title"">55 INCH ROUND SHOE LACES (8-10 EYE)</span>"
opi3447986997;"<span class=""author-realname blank_link"">towerlondon</span>";"<span class=""product-list-item-title"">JADON SMOOTH LEATHER PLATFORM BOOTS</span>"
opi3521674979;"<span class=""author-realname blank_link"">moshhbby</span>";"<span class=""product-list-item-title"">1460 SMOOTH LEATHER LACE UP BOOTS</span>"
opi2952760754;"<span class=""author-realname blank_link"">moshhbby</span>";"<span class=""product-list-item-title"">1460 SMOOTH LEATHER LACE UP BOOTS</span>"
opi3379114066;"<span class=""author-realname blank_link"">--javierittaaa-</span>";"<span class=""product-list-item-title"">COMBS WOMEN'S POLY CASUAL BOOTS</span>"
opi3032933572;"<span class=""author-realname blank_link"">--javierittaaa-</span>";"<span class=""product-list-item-title"">COMBS WOMEN'S POLY CASUAL BOOTS</span>"
opi3465147533;"<span class=""author-realname blank_link"">chihiro_oikawa_</span>";"<span class=""product-list-item-title"">1460 SMOOTH LEATHER LACE UP BOOTS</span>"
opi3386232548;"<span class=""author-realname blank_link"">shadesx</span>";"<span class=""product-list-item-title"">1461 BEX SMOOTH LEATHER OXFORD SHOES</span>"
opi2962071782;"<span class=""author-realname blank_link"">krissssskrisss</span>";"<span class=""product-list-item-title"">1460 SMOOTH LEATHER LACE UP BOOTS</span>"
opi3287479013;"<span class=""author-realname blank_link"">jayneandco74</span>";"<span class=""product-list-item-title"">TODDLER 1460 PATENT LEATHER LACE UP BOOTS</span>"
opi3190411890;"<span class=""author-realname blank_link"">miikazago</span>";"<span class=""product-list-item-title"">1460 SMOOTH LEATHER LACE UP BOOTS</span>"
opi3238477136;"<span class=""author-realname blank_link"">amystardust</span>";"<span class=""product-list-item-title"">JADON SMOOTH LEATHER PLATFORM BOOTS</span>"
opi3289535391;"<span class=""author-realname blank_link"">meredeathmetal</span>";"<span class=""product-list-item-title"">CLARISSA II WOMEN'S LEATHER STRAP SANDALS</span>"
opi3128855745;"<span class=""author-realname blank_link"">meredeathmetal</span>";"<span class=""product-list-item-title"">CLARISSA II WOMEN'S LEATHER STRAP SANDALS</span>"
opi3008691303;"<span class=""author-realname blank_link"">dansetamode</span>";"<span class=""product-list-item-title"">1460 WOMEN'S PATENT LEATHER LACE UP BOOTS</span>"
opi3590847867;"<span class=""author-realname blank_link"">dansetamode</span>";"<span class=""product-list-item-title"">1460 WOMEN'S PATENT LEATHER LACE UP BOOTS</span>"
opi2962071602;"<span class=""author-realname blank_link"">sushiiii_san</span>";"<span class=""product-list-item-title"">8092 MONO SOFT LEATHER FISHERMAN SANDALS</span>"
opi3514128460;"<span class=""author-realname blank_link"">nounicornswere</span>";"<span class=""product-list-item-title"">1460 SMOOTH LEATHER LACE UP BOOTS</span>"
opi2921348368;"<span class=""author-realname blank_link"">ditaroossnollie</span>";"<span class=""product-list-item-title"">CHURCH SMOOTH LEATHER MONKEY BOOTS</span>"
opi2992897334;"<span class=""author-realname blank_link"">jennifergeertsenbro</span>";"<span class=""product-list-item-title"">1460 VINTAGE MADE IN ENGLAND LACE UP BOOTS</span>"
opi3260333592;"<span class=""author-realname blank_link"">jennifergeertsenbro</span>";"<span class=""product-list-item-title"">1460 VINTAGE MADE IN ENGLAND LACE UP BOOTS</span>"
opi3407834898;"<span class=""author-realname blank_link"">bossculturemag</span>";"<span class=""product-list-item-title"">8053 NAPPA LEATHER CASUAL SHOES</span>"
opi3438251345;"<span class=""author-realname blank_link"">nearandchar</span>";"<span class=""product-list-item-title"">1460 PASCAL METALLIC LEATHER LACE UP BOOTS</span>"
opi3519322240;"<span class=""author-realname blank_link"">_moestyle</span>";"<span class=""product-list-item-title"">CLARISSA II WOMEN'S LEATHER BUCKLE SANDALS</span>"
opi3439275336;"<span class=""author-realname blank_link"">nurlylamitha</span>";"<span class=""product-list-item-title"">JADON SMOOTH LEATHER PLATFORM BOOTS</span>"
opi2914272571;"<span class=""author-realname blank_link"">monicabarleycorn</span>";"<span class=""product-list-item-title"">1460 WOMEN'S SMOOTH LEATHER LACE UP BOOTS</span>"
opi3431384241;"<span class=""author-realname blank_link"">monicabarleycorn</span>";"<span class=""product-list-item-title"">1460 WOMEN'S SMOOTH LEATHER LACE UP BOOTS</span>"
opi3474316847;"<span class=""author-realname blank_link"">sandrineddx</span>";"<span class=""product-list-item-title"">JADON SMOOTH LEATHER PLATFORM BOOTS</span>"
opi3514128420;"<span class=""author-realname blank_link"">oskar_cisowski_</span>";"<span class=""product-list-item-title"">1461 SMOOTH LEATHER OXFORD SHOES</span>"
opi3228952374;"<span class=""author-realname blank_link"">iindiefoxx</span>";"<span class=""product-list-item-title"">1460 WOMEN'S PASCAL VIRGINIA LEATHER BOOTS</span>"
opi2960361614;"<span class=""author-realname blank_link"">archnollie</span>";"<span class=""product-list-item-title"">JUNIOR 1460 SOFTY T LEATHER LACE UP BOOTS</span>"
opi2921348344;"<span class=""author-realname blank_link"">archnollie</span>";"<span class=""product-list-item-title"">JUNIOR 1460 SOFTY T LEATHER LACE UP BOOTS</span>"
opi3315368807;"<span class=""author-realname blank_link"">la.kollektiv</span>";"<span class=""product-list-item-title"">1460 SMOOTH LEATHER LACE UP BOOTS</span>"
opi3439275293;"<span class=""author-realname blank_link"">callme_khvnye</span>";"<span class=""product-list-item-title"">VEGAN 1460 LACE UP BOOTS</span>"
opi3011956677;"<span class=""author-realname blank_link"">callme_khvnye</span>";"<span class=""product-list-item-title"">VEGAN 1460 LACE UP BOOTS</span>"
opi3246098191;"<span class=""author-realname blank_link"">willowsbowsandbros</span>";"<span class=""product-list-item-title"">INFANT 1460 PATENT LEATHER LACE UP BOOTS</span>"
opi2904495663;"<span class=""author-realname blank_link"">livingwithlandyncate</span>";"<span class=""product-list-item-title"">INFANT 1460 SOFTY T LEATHER LACE UP BOOTS</span>"
opi2962428370;"<span class=""author-realname blank_link"">anika_tatiana</span>";"<span class=""product-list-item-title"">TODDLER 1460 SOFTY T LEATHER LACE UP BOOTS</span>"
opi3004648349;"<span class=""author-realname blank_link"">maialamuse</span>";"<span class=""product-list-item-title"">1460 SMOOTH LEATHER LACE UP BOOTS</span>"
opi2906806613;"<span class=""author-realname blank_link"">maialamuse</span>";"<span class=""product-list-item-title"">1460 SMOOTH LEATHER LACE UP BOOTS</span>"
opi2906805771;"<span class=""author-realname blank_link"">jacquiealexander</span>";"<span class=""product-list-item-title"">JADON SMOOTH LEATHER PLATFORM BOOTS</span>"
opi3018988799;"<span class=""author-realname blank_link"">jacquiealexander</span>";"<span class=""product-list-item-title"">JADON SMOOTH LEATHER PLATFORM BOOTS</span>"
opi3047214798;"<span class=""author-realname blank_link"">vancityduo</span>";"<span class=""product-list-item-title"">1460 SMOOTH LEATHER LACE UP BOOTS</span>"
opi3074425775;"<span class=""author-realname blank_link"">alexvaaa</span>";"<span class=""product-list-item-title"">1460 WOMEN'S PASCAL VIRGINIA LEATHER BOOTS</span>"
opi3143631639;"<span class=""author-realname blank_link"">annettevazille</span>";"<span class=""product-list-item-title"">JADON SMOOTH LEATHER PLATFORM BOOTS</span>"
opi3138515662;"<span class=""author-realname blank_link"">luzcorner</span>";"<span class=""product-list-item-title"">JADON SMOOTH LEATHER PLATFORM BOOTS</span>"
opi2990010330;"<span class=""author-realname blank_link"">taylor-bonham</span>";"<span class=""product-list-item-title"">1460 SMOOTH LEATHER LACE UP BOOTS</span>"
opi3565880824;"<span class=""author-realname blank_link"">taylor-bonham</span>";"<span class=""product-list-item-title"">1460 SMOOTH LEATHER LACE UP BOOTS</span>"
opi3452624619;"<span class=""author-realname blank_link"">drmartens_apprenticeship</span>";"<span class=""product-list-item-title"">CASTILLO WOMEN'S LEATHER FISHERMAN SANDALS</span>"
opi3264375875;"<span class=""author-realname blank_link"">madamepepper</span>";"<span class=""product-list-item-title"">JADON SMOOTH LEATHER PLATFORM BOOTS</span>"
opi2906115668;"<span class=""author-realname blank_link"">madamepepper</span>";"<span class=""product-list-item-title"">JADON SMOOTH LEATHER PLATFORM BOOTS</span>"
opi2965001323;"<span class=""author-realname blank_link"">christinazayas</span>";"<span class=""product-list-item-title"">JADON SMOOTH LEATHER PLATFORM BOOTS</span>"
opi3354633761;"<span class=""author-realname blank_link"">ssong2v</span>";"<span class=""product-list-item-title"">MYLES BRANDO LEATHER BUCKLE SLIDE SANDALS</span>"
opi2966576883;"<span class=""author-realname blank_link"">eiashh</span>";"<span class=""product-list-item-title"">1460 SMOOTH LEATHER LACE UP BOOTS</span>"
opi3564363268;"<span class=""author-realname blank_link"">zaddyzacksrevenge</span>";"<span class=""product-list-item-title"">COMBS WOMEN'S POLY CASUAL BOOTS</span>"
opi3251090820;"<span class=""author-realname blank_link"">material.mayhem</span>";"<span class=""product-list-item-title"">SHRIVER HI WOMEN'S WYOMING LEATHER HEELED BOOTS</span>"
